0,2014/12/1 1:35:51,384
0,2014/12/1 1:35:56,391
0,2014/12/1 1:36:02,400
0,2014/12/1 1:36:07,401
0,2014/12/1 1:36:13,398
0,2014/12/1 1:36:18,406
0,2014/12/1 1:36:24,410
0,2014/12/1 1:36:29,421
0,2014/12/1 1:36:35,422
0,2014/12/1 1:36:40,429
0,2014/12/1 1:36:45,433
0,2014/12/1 1:36:51,431
0,2014/12/1 1:36:56,421
0,2014/12/1 1:37:02,418
0,2014/12/1 1:37:07,422
0,2014/12/1 1:37:13,424
0,2014/12/1 1:37:18,417
0,2014/12/1 1:37:24,406
0,2014/12/1 1:37:29,393
0,2014/12/1 1:37:35,389
0,2014/12/1 1:37:40,389
0,2014/12/1 1:37:46,386
0,2014/12/1 1:37:51,381
0,2014/12/1 1:37:56,382
0,2014/12/1 1:38:02,388
0,2014/12/1 1:38:07,387
0,2014/12/1 1:38:13,387
0,2014/12/1 1:38:18,381
0,2014/12/1 1:38:24,380
0,2014/12/1 1:38:29,373
0,2014/12/1 1:38:35,382
0,2014/12/1 1:38:40,377
0,2014/12/1 1:38:46,384
0,2014/12/1 1:38:51,398
0,2014/12/1 1:38:57,402
0,2014/12/1 1:39:02,397
0,2014/12/1 1:39:08,393
0,2014/12/1 1:39:13,391
0,2014/12/1 1:39:18,383
0,2014/12/1 1:39:24,380
0,2014/12/1 1:39:29,383
0,2014/12/1 1:39:35,385
0,2014/12/1 1:39:40,386
0,2014/12/1 1:39:46,388
0,2014/12/1 1:39:51,391
0,2014/12/1 1:39:57,390
0,2014/12/1 1:40:02,390
0,2014/12/1 1:40:08,391
0,2014/12/1 1:40:13,392
0,2014/12/1 1:40:19,389
0,2014/12/1 1:40:24,382
0,2014/12/1 1:40:30,377
0,2014/12/1 1:40:35,369
0,2014/12/1 1:40:41,367
0,2014/12/1 1:40:46,367
0,2014/12/1 1:40:52,363
0,2014/12/1 1:40:57,358
0,2014/12/1 1:41:03,363
0,2014/12/1 1:41:08,362
0,2014/12/1 1:41:14,359
0,2014/12/1 1:41:19,365
0,2014/12/1 1:41:25,367
0,2014/12/1 1:41:30,364
0,2014/12/1 1:41:36,367
0,2014/12/1 1:41:41,370
0,2014/12/1 1:41:47,372
0,2014/12/1 1:41:52,368
0,2014/12/1 1:41:58,365
0,2014/12/1 1:42:03,367
0,2014/12/1 1:42:08,367
0,2014/12/1 1:42:14,362
0,2014/12/1 1:42:19,357
0,2014/12/1 1:42:25,359
0,2014/12/1 1:42:30,357
0,2014/12/1 1:42:36,359
0,2014/12/1 1:42:41,360
0,2014/12/1 1:42:47,359
0,2014/12/1 1:42:52,355
0,2014/12/1 1:42:58,353
0,2014/12/1 1:43:03,356
0,2014/12/1 1:43:09,353
0,2014/12/1 1:43:14,354
0,2014/12/1 1:43:19,350
0,2014/12/1 1:43:25,350
0,2014/12/1 1:43:30,350
0,2014/12/1 1:43:36,354
0,2014/12/1 1:43:41,349
0,2014/12/1 1:43:47,348
0,2014/12/1 1:43:52,348
0,2014/12/1 1:43:58,347
0,2014/12/1 1:44:03,353
0,2014/12/1 1:44:09,356
0,2014/12/1 1:44:14,359
0,2014/12/1 1:44:20,359
0,2014/12/1 1:44:25,363
0,2014/12/1 1:44:31,361
0,2014/12/1 1:44:36,359
0,2014/12/1 1:44:42,359
0,2014/12/1 1:44:47,360
0,2014/12/1 1:44:53,367
0,2014/12/1 1:44:58,369
0,2014/12/1 1:45:04,371
0,2014/12/1 1:45:09,372
0,2014/12/1 1:45:15,374
0,2014/12/1 1:45:20,372
0,2014/12/1 1:45:25,370
0,2014/12/1 1:45:31,363
0,2014/12/1 1:45:36,362
0,2014/12/1 1:45:42,364
0,2014/12/1 1:45:47,373
0,2014/12/1 1:45:53,375
0,2014/12/1 1:45:58,380
0,2014/12/1 1:46:04,384
0,2014/12/1 1:46:09,385
0,2014/12/1 1:46:15,389
0,2014/12/1 1:46:20,393
0,2014/12/1 1:46:26,395
0,2014/12/1 1:46:31,389
0,2014/12/1 1:46:37,391
0,2014/12/1 1:46:42,389
0,2014/12/1 1:46:48,392
0,2014/12/1 1:46:53,391
0,2014/12/1 1:46:58,396
0,2014/12/1 1:47:04,403
0,2014/12/1 1:47:09,408
0,2014/12/1 1:47:15,414
0,2014/12/1 1:47:20,410
0,2014/12/1 1:47:26,406
0,2014/12/1 1:47:31,401
0,2014/12/1 1:47:37,400
0,2014/12/1 1:47:42,402
0,2014/12/1 1:47:47,405
0,2014/12/1 1:47:53,401
0,2014/12/1 1:47:58,402
0,2014/12/1 1:48:04,403
0,2014/12/1 1:48:09,403
0,2014/12/1 1:48:15,407
0,2014/12/1 1:48:20,406
0,2014/12/1 1:48:26,408
0,2014/12/1 1:48:31,409
0,2014/12/1 1:48:37,414
0,2014/12/1 1:48:42,410
0,2014/12/1 1:48:48,403
0,2014/12/1 1:48:53,397
0,2014/12/1 1:48:59,398
0,2014/12/1 1:49:04,400
0,2014/12/1 1:49:09,403
0,2014/12/1 1:49:15,402
0,2014/12/1 1:49:20,396
0,2014/12/1 1:49:26,391
0,2014/12/1 1:49:31,383
0,2014/12/1 1:49:37,382
0,2014/12/1 1:49:42,385
0,2014/12/1 1:49:48,382
0,2014/12/1 1:49:53,377
0,2014/12/1 1:49:59,377
0,2014/12/1 1:50:04,378
0,2014/12/1 1:50:10,384
0,2014/12/1 1:50:15,384
0,2014/12/1 1:50:21,386
0,2014/12/1 1:50:26,392
0,2014/12/1 1:50:32,392
0,2014/12/1 1:50:37,394
0,2014/12/1 1:50:43,393
0,2014/12/1 1:50:48,381
0,2014/12/1 1:50:53,372
0,2014/12/1 1:50:59,366
0,2014/12/1 1:51:04,354
0,2014/12/1 1:51:10,350
0,2014/12/1 1:51:15,351
0,2014/12/1 1:51:21,355
0,2014/12/1 1:51:26,361
0,2014/12/1 1:51:32,360
0,2014/12/1 1:51:37,361
0,2014/12/1 1:51:43,361
0,2014/12/1 1:51:48,363
0,2014/12/1 1:51:54,365
0,2014/12/1 1:51:59,368
0,2014/12/1 1:52:04,373
0,2014/12/1 1:52:10,378
0,2014/12/1 1:52:15,374
0,2014/12/1 1:52:21,373
0,2014/12/1 1:52:26,375
0,2014/12/1 1:52:32,366
0,2014/12/1 1:52:37,362
0,2014/12/1 1:52:43,355
0,2014/12/1 1:52:48,353
0,2014/12/1 1:52:54,359
0,2014/12/1 1:52:59,366
0,2014/12/1 1:53:05,373
0,2014/12/1 1:53:10,375
0,2014/12/1 1:53:16,373
0,2014/12/1 1:53:21,383
0,2014/12/1 1:53:27,385
0,2014/12/1 1:53:32,384
0,2014/12/1 1:53:38,380
0,2014/12/1 1:53:43,373
0,2014/12/1 1:53:49,376
0,2014/12/1 1:53:54,377
0,2014/12/1 1:54:00,369
